"name","mouse","value","time","box"
"logE","GROUP",Inf,0,"02"
"logM","GROUP",Inf,0,"02"
"logN","GROUP",2108895.00778652,0,"02"
"logR","GROUP",305324.96553709,0,"02"
"logW","GROUP",273470131.914649,0,"02"
"logM","B",74593947.796785,0,"02"
"logE","B",698799301.188908,0,"02"
"logR","B",202931.856650289,0,"02"
"logW","B",611810420.866163,0,"02"
"logN","B",2109143.98579603,0,"02"
"logM","A",43369706.5567397,0,"02"
"logE","A",456817011.365852,0,"02"
"logR","A",443291.122840748,0,"02"
"logW","A",375344010.046087,0,"02"
"logN","A",2108744.62739394,0,"02"
"logE","GROUP",Inf,1,"02"
"logM","GROUP",1.99389009185823e-34,1,"02"
"logN","GROUP",1801686.89020461,1,"02"
"logR","GROUP",815599.838372553,1,"02"
"logW","GROUP",1043697266.88989,1,"02"
"logM","B",187233858.099749,1,"02"
"logE","B",932362158.419147,1,"02"
"logR","B",649999.124397381,1,"02"
"logW","B",2334971059.96698,1,"02"
"logN","B",1801488.28502552,1,"02"
"logM","A",114570114.398023,1,"02"
"logE","A",602221128.402778,1,"02"
"logR","A",1083332.73783497,1,"02"
"logW","A",1432498412.74224,1,"02"
"logN","A",1801158.19209363,1,"02"
"logE","GROUP",Inf,2,"02"
"logM","GROUP",Inf,2,"02"
"logN","GROUP",5977800.87296684,2,"02"
"logR","GROUP",451779.87411569,2,"02"
"logW","GROUP",1673811944.44636,2,"02"
"logM","B",98494800.7698523,2,"02"
"logE","B",1168257923.29129,2,"02"
"logR","B",331583.923948069,2,"02"
"logW","B",3744670293.27467,2,"02"
"logN","B",5980539.44313178,2,"02"
"logM","A",67717968.9929785,2,"02"
"logE","A",758053295.778926,2,"02"
"logR","A",595468.339618254,2,"02"
"logW","A",2297345363.83969,2,"02"
"logN","A",5977666.98544605,2,"02"
"logE","GROUP",0,3,"02"
"logM","GROUP",7.27060977420117e-13,3,"02"
"logN","GROUP",4585098.30949457,3,"02"
"logR","GROUP",627971.430366511,3,"02"
"logW","GROUP",861629675.617372,3,"02"
"logM","B",28256292.0892885,3,"02"
"logE","B",1462233674.3357,3,"02"
"logR","B",521526.561788728,3,"02"
"logW","B",1927647137.1598,3,"02"
"logN","B",4581253.04040906,3,"02"
"logM","A",22737866.7176778,3,"02"
"logE","A",958578124.856137,3,"02"
"logR","A",762660.351847078,3,"02"
"logW","A",1182606630.48804,3,"02"
"logN","A",4582592.68689176,3,"02"
"logE","GROUP",Inf,4,"02"
"logM","GROUP",Inf,4,"02"
"logN","GROUP",3062411.71245846,4,"02"
"logR","GROUP",686618.673412766,4,"02"
"logW","GROUP",1940043730.42477,4,"02"
"logM","B",56336350.0730532,4,"02"
"logE","B",2571527590.11297,4,"02"
"logR","B",654349.887502343,4,"02"
"logW","B",4340286195.78607,4,"02"
"logN","B",3061822.25412511,4,"02"
"logM","A",48610142.8068029,4,"02"
"logE","A",1688573595.7616,4,"02"
"logR","A",722215.299984035,4,"02"
"logW","A",2662755086.26627,4,"02"
"logN","A",3061180.46814984,4,"02"
"logE","GROUP",Inf,5,"02"
"logM","GROUP",6.70221715216014e+24,5,"02"
"logN","GROUP",15092262.4566017,5,"02"
"logR","GROUP",704588.493868112,5,"02"
"logW","GROUP",3683908421.67072,5,"02"
"logM","B",79501696.108101,5,"02"
"logE","B",5610644187.30105,5,"02"
"logR","B",640786.905018771,5,"02"
"logW","B",8241677495.90312,5,"02"
"logN","B",15073573.8629201,5,"02"
"logM","A",75876579.5144522,5,"02"
"logE","A",3643377577.71496,5,"02"
"logR","A",783375.866450522,5,"02"
"logW","A",5056250484.56512,5,"02"
"logN","A",15079415.3098724,5,"02"
"logE","GROUP",Inf,6,"02"
"logM","GROUP",Inf,6,"02"
"logN","GROUP",106252881.211286,6,"02"
"logR","GROUP",533239.633221998,6,"02"
"logW","GROUP",73641175126.4277,6,"02"
"logM","B",142921016.235554,6,"02"
"logE","B",16905345198.4255,6,"02"
"logR","B",499276.35840323,6,"02"
"logW","B",164750766328.619,6,"02"
"logN","B",106484607.900225,6,"02"
"logM","A",147289860.988579,6,"02"
"logE","A",10546266104.3011,6,"02"
"logR","A",567569.444122416,6,"02"
"logW","A",101074251353.511,6,"02"
"logN","A",106348630.222649,6,"02"
"logE","GROUP",0,7,"02"
"logM","GROUP",406229408971152,7,"02"
"logN","GROUP",24552036.583629,7,"02"
"logR","GROUP",443127.984543858,7,"02"
"logW","GROUP",7460033727.3734,7,"02"
"logM","B",65251.4713221679,7,"02"
"logE","B",9798678989.94356,7,"02"
"logR","B",373921.909821588,7,"02"
"logW","B",16689658485.6815,7,"02"
"logN","B",24545126.346217,7,"02"
"logM","A",78449.0547700654,7,"02"
"logE","A",6103078188.01895,7,"02"
"logR","A",517791.557803421,7,"02"
"logW","A",10239074051.0096,7,"02"
"logN","A",24542792.2921801,7,"02"
"logE","GROUP",Inf,8,"02"
"logM","GROUP",Inf,8,"02"
"logN","GROUP",51813761.6172171,8,"02"
"logR","GROUP",541444.816268117,8,"02"
"logW","GROUP",17958386504.8211,8,"02"
"logM","B",92525.803311844,8,"02"
"logE","B",8722508956.82332,8,"02"
"logR","B",489688.476515087,8,"02"
"logW","B",40176666317.9915,8,"02"
"logN","B",51824443.0506854,8,"02"
"logM","A",114207.745348649,8,"02"
"logE","A",5522254117.74167,8,"02"
"logR","A",592803.393429366,8,"02"
"logW","A",24648317688.3532,8,"02"
"logN","A",51822336.4444387,8,"02"
"logE","GROUP",0,9,"02"
"logM","GROUP",2.12419700446219e-06,9,"02"
"logN","GROUP",25837061.8359465,9,"02"
"logR","GROUP",863758.693633601,9,"02"
"logW","GROUP",2053922657.83587,9,"02"
"logM","B",7156.27458775193,9,"02"
"logE","B",6114876645.87126,9,"02"
"logR","B",835910.25719933,9,"02"
"logW","B",4595053705.76123,9,"02"
"logN","B",25816968.7973883,9,"02"
"logM","A",10173.8882130421,9,"02"
"logE","A",4053113410.8937,9,"02"
"logR","A",878983.18172421,9,"02"
"logW","A",2819058785.90312,9,"02"
"logN","A",25802066.909697,9,"02"
"logE","GROUP",Inf,10,"02"
"logM","GROUP",Inf,10,"02"
"logN","GROUP",7489382941.62309,10,"02"
"logR","GROUP",2092176.48160881,10,"02"
"logW","GROUP",24258885266.1793,10,"02"
"logM","B",26036.0505152034,10,"02"
"logE","B",8304465645.69819,10,"02"
"logR","B",1997661.20289782,10,"02"
"logW","B",54272180216.6694,10,"02"
"logN","B",7687176580.35181,10,"02"
"logM","A",39212.8227319539,10,"02"
"logE","A",5961080946.92256,10,"02"
"logR","A",2218970.06860567,10,"02"
"logW","A",33295915818.2349,10,"02"
"logN","A",7322528545.19317,10,"02"
"logE","GROUP",Inf,11,"02"
"logM","GROUP",3271719599.61483,11,"02"
"logN","GROUP",14752356.9488676,11,"02"
"logR","GROUP",3583304.95757348,11,"02"
"logW","GROUP",2786112409.1333,11,"02"
"logM","B",115.603636903308,11,"02"
"logE","B",2398897341.20839,11,"02"
"logR","B",3759642.01085876,11,"02"
"logW","B",6233112778.38448,11,"02"
"logN","B",14752850.8503505,11,"02"
"logM","A",334.752201594789,11,"02"
"logE","A",1452118174.54864,11,"02"
"logR","A",3464501.70888648,11,"02"
"logW","A",3824008373.59482,11,"02"
"logN","A",14741669.919405,11,"02"
"logE","GROUP",Inf,12,"02"
"logM","GROUP",Inf,12,"02"
"logN","GROUP",8560527.80757436,12,"02"
"logR","GROUP",4155130.87789247,12,"02"
"logW","GROUP",332488357.263909,12,"02"
"logM","B",65.6494653988908,12,"02"
"logE","B",1871383575.69217,12,"02"
"logR","B",4106873.97733451,12,"02"
"logW","B",743845456.018383,12,"02"
"logN","B",8559278.93190932,12,"02"
"logM","A",183.882676161574,12,"02"
"logE","A",1215302720.4201,12,"02"
"logR","A",4259431.31483593,12,"02"
"logW","A",456348594.665731,12,"02"
"logN","A",8549120.75339347,12,"02"
"logE","GROUP",Inf,13,"02"
"logM","GROUP",0,13,"02"
"logN","GROUP",10872519.8316923,13,"02"
"logR","GROUP",3362266.98471158,13,"02"
"logW","GROUP",2625500756.24289,13,"02"
"logM","B",330.240586114148,13,"02"
"logE","B",2535553795.90881,13,"02"
"logR","B",3045817.38468277,13,"02"
"logW","B",5873789134.60603,13,"02"
"logN","B",10874647.182117,13,"02"
"logM","A",961.086255121967,13,"02"
"logE","A",1712031691.16049,13,"02"
"logR","A",3669663.20652647,13,"02"
"logW","A",3603566127.51223,13,"02"
"logN","A",10868313.0774096,13,"02"
"logE","GROUP",Inf,14,"02"
"logM","GROUP",Inf,14,"02"
"logN","GROUP",26242444.8246801,14,"02"
"logR","GROUP",3733391.13712034,14,"02"
"logW","GROUP",10405760884.9305,14,"02"
"logM","B",243.170919448717,14,"02"
"logE","B",4279008835.03214,14,"02"
"logR","B",3133405.49769334,14,"02"
"logW","B",23279839700.5072,14,"02"
"logN","B",26250999.2151163,14,"02"
"logM","A",887.677070841568,14,"02"
"logE","A",2947975071.95892,14,"02"
"logR","A",4529878.43650224,14,"02"
"logW","A",14282171647.9066,14,"02"
"logN","A",26240318.2815515,14,"02"
"logE","GROUP",Inf,15,"02"
"logM","GROUP",7.59068881175396e+28,15,"02"
"logN","GROUP",27815082.6778203,15,"02"
"logR","GROUP",2509538.76575135,15,"02"
"logW","GROUP",10716615295.0301,15,"02"
"logM","B",7.7657119175207,15,"02"
"logE","B",5059579075.75056,15,"02"
"logR","B",2311665.61681019,15,"02"
"logW","B",23975282243.06,15,"02"
"logN","B",27810141.4403913,15,"02"
"logM","A",52.4702824386696,15,"02"
"logE","A",3504986541.05693,15,"02"
"logR","A",2708183.03136423,15,"02"
"logW","A",14708828824.8893,15,"02"
"logN","A",27803636.0460032,15,"02"
"logE","GROUP",Inf,16,"02"
"logM","GROUP",Inf,16,"02"
"logN","GROUP",213456709.426418,16,"02"
"logR","GROUP",1990119.04299243,16,"02"
"logW","GROUP",15253890954.845,16,"02"
"logM","B",0.491526251406589,16,"02"
"logE","B",5387444841.89737,16,"02"
"logR","B",1709353.22442358,16,"02"
"logW","B",34126101867.6237,16,"02"
"logN","B",213461931.863979,16,"02"
"logM","A",5.82719749111904,16,"02"
"logE","A",3694585873.57126,16,"02"
"logR","A",2305534.02387849,16,"02"
"logW","A",20936358074.9336,16,"02"
"logN","A",213361272.454886,16,"02"
"logE","GROUP",0,17,"02"
"logM","GROUP",6.06393355358734e+53,17,"02"
"logN","GROUP",270428269.97898,17,"02"
"logR","GROUP",1810876.49806296,17,"02"
"logW","GROUP",13573647424.7895,17,"02"
"logM","B",0.00594060038739928,17,"02"
"logE","B",4451809053.69014,17,"02"
"logR","B",1451910.15614767,17,"02"
"logW","B",30367047908.0064,17,"02"
"logN","B",270650576.828605,17,"02"
"logM","A",0.136462815906614,17,"02"
"logE","A",3043080867.21315,17,"02"
"logR","A",2292605.30903028,17,"02"
"logW","A",18630181813.8998,17,"02"
"logN","A",270384681.791437,17,"02"
"logE","GROUP",Inf,18,"02"
"logM","GROUP",Inf,18,"02"
"logN","GROUP",37098669.1629642,18,"02"
"logR","GROUP",1088390.85863539,18,"02"
"logW","GROUP",5371884940.42131,18,"02"
"logM","B",4.2033260661924e-05,18,"02"
"logE","B",3276976110.58227,18,"02"
"logR","B",962886.024550095,18,"02"
"logW","B",12018013314.5599,18,"02"
"logN","B",37074253.40033,18,"02"
"logM","A",0.00188584590108648,18,"02"
"logE","A",2351620315.27322,18,"02"
"logR","A",1199888.28542397,18,"02"
"logW","A",7373051336.45662,18,"02"
"logN","A",37030627.0305303,18,"02"
"logE","GROUP",Inf,19,"02"
"logM","GROUP",4.59657651044584e-18,19,"02"
"logN","GROUP",22291467522.7,19,"02"
"logR","GROUP",1303750.92315635,19,"02"
"logW","GROUP",56816287011.848,19,"02"
"logM","B",7.05713084173598e-06,19,"02"
"logE","B",3631067041.28892,19,"02"
"logR","B",1217652.72562404,19,"02"
"logW","B",127109729871.033,19,"02"
"logN","B",23284873446.7954,19,"02"
"logM","A",0.000527448560837718,19,"02"
"logE","A",3114917023.3868,19,"02"
"logR","A",1405808.74447594,19,"02"
"logW","A",77981828432.5289,19,"02"
"logN","A",21368684598.6832,19,"02"
"logE","GROUP",Inf,20,"02"
"logM","GROUP",Inf,20,"02"
"logN","GROUP",604875700.284441,20,"02"
"logR","GROUP",1281114.36807233,20,"02"
"logW","GROUP",8892967827.26403,20,"02"
"logM","B",4.66249100378e-23,20,"02"
"logE","B",5783795.13933123,20,"02"
"logR","B",836295.440357287,20,"02"
"logW","B",19895399768.087,20,"02"
"logN","B",604551221.66813,20,"02"
"logM","A",4.70640182323273e-17,20,"02"
"logE","A",3338417.84207208,20,"02"
"logR","A",1961372.69827289,20,"02"
"logW","A",12205829427.3199,20,"02"
"logN","A",604551175.88666,20,"02"
"logE","GROUP",Inf,0,"03"
"logM","GROUP",Inf,0,"03"
"logN","GROUP",Inf,0,"03"
"logR","GROUP",Inf,0,"03"
"logW","GROUP",Inf,0,"03"
"logM","C",Inf,0,"03"
"logE","C",8.6649314821539e+287,0,"03"
"logR","C",6.14750335971603e+302,0,"03"
"logW","C",Inf,0,"03"
"logN","C",Inf,0,"03"
"logM","B",Inf,0,"03"
"logE","B",2.4493964712955e+272,0,"03"
"logR","B",4.96701323522056e+165,0,"03"
"logW","B",Inf,0,"03"
"logN","B",Inf,0,"03"
"logM","A",Inf,0,"03"
"logE","A",2.63784290547785e+291,0,"03"
"logR","A",1.68120373293835e+274,0,"03"
"logW","A",Inf,0,"03"
"logN","A",Inf,0,"03"
"logE","GROUP",Inf,1,"03"
"logM","GROUP",Inf,1,"03"
"logN","GROUP",Inf,1,"03"
"logR","GROUP",Inf,1,"03"
"logW","GROUP",Inf,1,"03"
"logM","C",Inf,1,"03"
"logE","C",1.95567465765048e+291,1,"03"
"logR","C",5.11408962794051e+306,1,"03"
"logW","C",Inf,1,"03"
"logN","C",Inf,1,"03"
"logM","B",Inf,1,"03"
"logE","B",1.69237638160758e+243,1,"03"
"logR","B",2.08174030594884e+190,1,"03"
"logW","B",Inf,1,"03"
"logN","B",Inf,1,"03"
"logM","A",Inf,1,"03"
"logE","A",1.33513749624678e+264,1,"03"
"logR","A",2.10343767511105e+300,1,"03"
"logW","A",Inf,1,"03"
"logN","A",Inf,1,"03"
"logE","GROUP",Inf,2,"03"
"logM","GROUP",Inf,2,"03"
"logN","GROUP",Inf,2,"03"
"logR","GROUP",Inf,2,"03"
"logW","GROUP",Inf,2,"03"
"logM","C",Inf,2,"03"
"logE","C",7.17787290250614e+254,2,"03"
"logR","C",4.38767975331448e+283,2,"03"
"logW","C",Inf,2,"03"
"logN","C",Inf,2,"03"
"logM","B",Inf,2,"03"
"logE","B",6.41969803492677e+300,2,"03"
"logR","B",4.14825406383736e+158,2,"03"
"logW","B",Inf,2,"03"
"logN","B",Inf,2,"03"
"logM","A",Inf,2,"03"
"logE","A",1.9987172764168e+267,2,"03"
"logR","A",9.99763285357677e+259,2,"03"
"logW","A",Inf,2,"03"
"logN","A",Inf,2,"03"
"logE","GROUP",Inf,3,"03"
"logM","GROUP",Inf,3,"03"
"logN","GROUP",Inf,3,"03"
"logR","GROUP",Inf,3,"03"
"logW","GROUP",Inf,3,"03"
"logM","C",Inf,3,"03"
"logE","C",5.28926135484067e+280,3,"03"
"logR","C",1.2248271077935e+281,3,"03"
"logW","C",Inf,3,"03"
"logN","C",Inf,3,"03"
"logM","B",Inf,3,"03"
"logE","B",8.05717821251962e+268,3,"03"
"logR","B",1.35506648706732e+163,3,"03"
"logW","B",Inf,3,"03"
"logN","B",Inf,3,"03"
"logM","A",Inf,3,"03"
"logE","A",1.60657121382183e+261,3,"03"
"logR","A",3.72179529570173e+272,3,"03"
"logW","A",Inf,3,"03"
"logN","A",Inf,3,"03"
"logE","GROUP",Inf,4,"03"
"logM","GROUP",Inf,4,"03"
"logN","GROUP",Inf,4,"03"
"logR","GROUP",Inf,4,"03"
"logW","GROUP",Inf,4,"03"
"logM","C",Inf,4,"03"
"logE","C",1.63236723693332e+268,4,"03"
"logR","C",2.13411273116236e+281,4,"03"
"logW","C",Inf,4,"03"
"logN","C",Inf,4,"03"
"logM","B",Inf,4,"03"
"logE","B",3.17004280664289e+268,4,"03"
"logR","B",2.93748759355957e+156,4,"03"
"logW","B",Inf,4,"03"
"logN","B",Inf,4,"03"
"logM","A",Inf,4,"03"
"logE","A",4.26778984739015e+291,4,"03"
"logR","A",3.43619705017172e+303,4,"03"
"logW","A",Inf,4,"03"
"logN","A",Inf,4,"03"
"logE","GROUP",Inf,5,"03"
"logM","GROUP",Inf,5,"03"
"logN","GROUP",Inf,5,"03"
"logR","GROUP",Inf,5,"03"
"logW","GROUP",Inf,5,"03"
"logM","C",Inf,5,"03"
"logE","C",1.01739099422032e+286,5,"03"
"logR","C",6.59033653364574e+264,5,"03"
"logW","C",Inf,5,"03"
"logN","C",Inf,5,"03"
"logM","B",Inf,5,"03"
"logE","B",3.40533621089826e+297,5,"03"
"logR","B",2.14603885878588e+155,5,"03"
"logW","B",Inf,5,"03"
"logN","B",Inf,5,"03"
"logM","A",Inf,5,"03"
"logE","A",7.08316792101646e+276,5,"03"
"logR","A",8.63243753534022e+279,5,"03"
"logW","A",Inf,5,"03"
"logN","A",Inf,5,"03"
"logE","GROUP",Inf,6,"03"
"logM","GROUP",Inf,6,"03"
"logN","GROUP",Inf,6,"03"
"logR","GROUP",Inf,6,"03"
"logW","GROUP",Inf,6,"03"
"logM","C",Inf,6,"03"
"logE","C",3.25392828771392e+290,6,"03"
"logR","C",1.92436978267324e+303,6,"03"
"logW","C",Inf,6,"03"
"logN","C",Inf,6,"03"
"logM","B",Inf,6,"03"
"logE","B",2.34345059978585e+301,6,"03"
"logR","B",4.61886871509778e+172,6,"03"
"logW","B",Inf,6,"03"
"logN","B",Inf,6,"03"
"logM","A",Inf,6,"03"
"logE","A",3.02524703865199e+261,6,"03"
"logR","A",2.24319504156887e+275,6,"03"
"logW","A",Inf,6,"03"
"logN","A",Inf,6,"03"
"logE","GROUP",Inf,7,"03"
"logM","GROUP",Inf,7,"03"
"logN","GROUP",Inf,7,"03"
"logR","GROUP",Inf,7,"03"
"logW","GROUP",Inf,7,"03"
"logM","C",Inf,7,"03"
"logE","C",1.88308232175577e+276,7,"03"
"logR","C",1.30139059915616e+270,7,"03"
"logW","C",Inf,7,"03"
"logN","C",Inf,7,"03"
"logM","B",Inf,7,"03"
"logE","B",3.83865589465517e+262,7,"03"
"logR","B",2.02215433488507e+182,7,"03"
"logW","B",Inf,7,"03"
"logN","B",Inf,7,"03"
"logM","A",Inf,7,"03"
"logE","A",6.76817326570751e+268,7,"03"
"logR","A",7.10826550402281e+259,7,"03"
"logW","A",Inf,7,"03"
"logN","A",Inf,7,"03"
"logE","GROUP",Inf,8,"03"
"logM","GROUP",Inf,8,"03"
"logN","GROUP",Inf,8,"03"
"logR","GROUP",Inf,8,"03"
"logW","GROUP",Inf,8,"03"
"logM","C",Inf,8,"03"
"logE","C",7.95869957893073e+243,8,"03"
"logR","C",8.13267714546e+291,8,"03"
"logW","C",Inf,8,"03"
"logN","C",Inf,8,"03"
"logM","B",Inf,8,"03"
"logE","B",8.51402153525484e+291,8,"03"
"logR","B",2.08926195077027e+160,8,"03"
"logW","B",Inf,8,"03"
"logN","B",Inf,8,"03"
"logM","A",Inf,8,"03"
"logE","A",4.23279032572711e+290,8,"03"
"logR","A",3.74213857582812e+285,8,"03"
"logW","A",Inf,8,"03"
"logN","A",Inf,8,"03"
"logE","GROUP",Inf,9,"03"
"logM","GROUP",Inf,9,"03"
"logN","GROUP",Inf,9,"03"
"logR","GROUP",Inf,9,"03"
"logW","GROUP",Inf,9,"03"
"logM","C",Inf,9,"03"
"logE","C",2.42535376685768e+262,9,"03"
"logR","C",1.02696541124408e+286,9,"03"
"logW","C",Inf,9,"03"
"logN","C",Inf,9,"03"
"logM","B",Inf,9,"03"
"logE","B",1.41118681293553e+297,9,"03"
"logR","B",1.84437007944014e+178,9,"03"
"logW","B",Inf,9,"03"
"logN","B",Inf,9,"03"
"logM","A",Inf,9,"03"
"logE","A",1.46097696144141e+273,9,"03"
"logR","A",3.83968675245467e+277,9,"03"
"logW","A",Inf,9,"03"
"logN","A",Inf,9,"03"
"logE","GROUP",Inf,10,"03"
"logM","GROUP",Inf,10,"03"
"logN","GROUP",Inf,10,"03"
"logR","GROUP",Inf,10,"03"
"logW","GROUP",Inf,10,"03"
"logM","C",Inf,10,"03"
"logE","C",1.40442311240461e+278,10,"03"
"logR","C",1.11053369561758e+270,10,"03"
"logW","C",Inf,10,"03"
"logN","C",Inf,10,"03"
"logM","B",Inf,10,"03"
"logE","B",1.17037533531471e+291,10,"03"
"logR","B",2.38719629614828e+150,10,"03"
"logW","B",Inf,10,"03"
"logN","B",Inf,10,"03"
"logM","A",Inf,10,"03"
"logE","A",1.19154561842217e+300,10,"03"
"logR","A",2.44916316094256e+266,10,"03"
"logW","A",Inf,10,"03"
"logN","A",Inf,10,"03"
"logE","GROUP",Inf,11,"03"
"logM","GROUP",Inf,11,"03"
"logN","GROUP",Inf,11,"03"
"logR","GROUP",Inf,11,"03"
"logW","GROUP",Inf,11,"03"
"logM","C",Inf,11,"03"
"logE","C",5.0983095671792e+281,11,"03"
"logR","C",1.46794855281815e+273,11,"03"
"logW","C",Inf,11,"03"
"logN","C",Inf,11,"03"
"logM","B",Inf,11,"03"
"logE","B",8.58669825330812e+256,11,"03"
"logR","B",5.69517707313181e+178,11,"03"
"logW","B",Inf,11,"03"
"logN","B",Inf,11,"03"
"logM","A",Inf,11,"03"
"logE","A",4.11783495786247e+272,11,"03"
"logR","A",1.31601194650391e+303,11,"03"
"logW","A",Inf,11,"03"
"logN","A",Inf,11,"03"
"logE","GROUP",Inf,12,"03"
"logM","GROUP",Inf,12,"03"
"logN","GROUP",Inf,12,"03"
"logR","GROUP",Inf,12,"03"
"logW","GROUP",Inf,12,"03"
"logM","C",Inf,12,"03"
"logE","C",4.01536003314912e+280,12,"03"
"logR","C",3.67708915890072e+300,12,"03"
"logW","C",Inf,12,"03"
"logN","C",Inf,12,"03"
"logM","B",Inf,12,"03"
"logE","B",1.28760838963921e+288,12,"03"
"logR","B",4.94993266510479e+152,12,"03"
"logW","B",Inf,12,"03"
"logN","B",Inf,12,"03"
"logM","A",Inf,12,"03"
"logE","A",1.38516345626215e+287,12,"03"
"logR","A",8.33919305179378e+299,12,"03"
"logW","A",Inf,12,"03"
"logN","A",Inf,12,"03"
"logE","GROUP",Inf,13,"03"
"logM","GROUP",Inf,13,"03"
"logN","GROUP",Inf,13,"03"
"logR","GROUP",Inf,13,"03"
"logW","GROUP",Inf,13,"03"
"logM","C",Inf,13,"03"
"logE","C",1.87287487691141e+300,13,"03"
"logR","C",5.88058142037953e+264,13,"03"
"logW","C",Inf,13,"03"
"logN","C",Inf,13,"03"
"logM","B",Inf,13,"03"
"logE","B",2.84158547835808e+285,13,"03"
"logR","B",1.65448776271532e+176,13,"03"
"logW","B",Inf,13,"03"
"logN","B",Inf,13,"03"
"logM","A",Inf,13,"03"
"logE","A",1.1501512967235e+283,13,"03"
"logR","A",6.68929871401547e+288,13,"03"
"logW","A",Inf,13,"03"
"logN","A",Inf,13,"03"
"logE","GROUP",Inf,14,"03"
"logM","GROUP",Inf,14,"03"
"logN","GROUP",Inf,14,"03"
"logR","GROUP",Inf,14,"03"
"logW","GROUP",Inf,14,"03"
"logM","C",Inf,14,"03"
"logE","C",2.98285788248111e+290,14,"03"
"logR","C",9.02504079922147e+291,14,"03"
"logW","C",Inf,14,"03"
"logN","C",Inf,14,"03"
"logM","B",Inf,14,"03"
"logE","B",7.65210128887648e+287,14,"03"
"logR","B",3.43548641571885e+187,14,"03"
"logW","B",Inf,14,"03"
"logN","B",Inf,14,"03"
"logM","A",Inf,14,"03"
"logE","A",2.3509846510755e+279,14,"03"
"logR","A",4.81383627700806e+283,14,"03"
"logW","A",Inf,14,"03"
"logN","A",Inf,14,"03"
"logE","GROUP",Inf,15,"03"
"logM","GROUP",Inf,15,"03"
"logN","GROUP",Inf,15,"03"
"logR","GROUP",Inf,15,"03"
"logW","GROUP",Inf,15,"03"
"logM","C",Inf,15,"03"
"logE","C",2.44324458331671e+257,15,"03"
"logR","C",2.24006815540114e+288,15,"03"
"logW","C",Inf,15,"03"
"logN","C",Inf,15,"03"
"logM","B",Inf,15,"03"
"logE","B",7.16616844875042e+298,15,"03"
"logR","B",9.33276342709072e+158,15,"03"
"logW","B",Inf,15,"03"
"logN","B",Inf,15,"03"
"logM","A",Inf,15,"03"
"logE","A",3.15646455489826e+275,15,"03"
"logR","A",1.47986704464806e+282,15,"03"
"logW","A",Inf,15,"03"
"logN","A",Inf,15,"03"
"logE","GROUP",Inf,16,"03"
"logM","GROUP",Inf,16,"03"
"logN","GROUP",Inf,16,"03"
"logR","GROUP",Inf,16,"03"
"logW","GROUP",Inf,16,"03"
"logM","C",Inf,16,"03"
"logE","C",1.77749523714332e+272,16,"03"
"logR","C",1.2803995027452e+294,16,"03"
"logW","C",Inf,16,"03"
"logN","C",Inf,16,"03"
"logM","B",Inf,16,"03"
"logE","B",1.58421625443359e+303,16,"03"
"logR","B",4.29254181324462e+168,16,"03"
"logW","B",Inf,16,"03"
"logN","B",Inf,16,"03"
"logM","A",Inf,16,"03"
"logE","A",2.54536705956372e+290,16,"03"
"logR","A",5.60662098205108e+301,16,"03"
"logW","A",Inf,16,"03"
"logN","A",Inf,16,"03"
"logE","GROUP",Inf,17,"03"
"logM","GROUP",Inf,17,"03"
"logN","GROUP",Inf,17,"03"
"logR","GROUP",Inf,17,"03"
"logW","GROUP",Inf,17,"03"
"logM","C",Inf,17,"03"
"logE","C",4.48264849208486e+268,17,"03"
"logR","C",1.24358019723269e+297,17,"03"
"logW","C",Inf,17,"03"
"logN","C",Inf,17,"03"
"logM","B",Inf,17,"03"
"logE","B",1.34655932982299e+251,17,"03"
"logR","B",4.89763726757031e+168,17,"03"
"logW","B",Inf,17,"03"
"logN","B",Inf,17,"03"
"logM","A",Inf,17,"03"
"logE","A",7.18112772601161e+290,17,"03"
"logR","A",7.57919608704383e+269,17,"03"
"logW","A",Inf,17,"03"
"logN","A",Inf,17,"03"
"logE","GROUP",Inf,18,"03"
"logM","GROUP",Inf,18,"03"
"logN","GROUP",Inf,18,"03"
"logR","GROUP",Inf,18,"03"
"logW","GROUP",Inf,18,"03"
"logM","C",5.26798288502646e+200,18,"03"
"logE","C",2.26073134278322e+267,18,"03"
"logR","C",4.43383079701281e+267,18,"03"
"logW","C",Inf,18,"03"
"logN","C",Inf,18,"03"
"logM","B",0,18,"03"
"logE","B",8.28595017895454e+283,18,"03"
"logR","B",1.25079967766118e+156,18,"03"
"logW","B",Inf,18,"03"
"logN","B",Inf,18,"03"
"logM","A",Inf,18,"03"
"logE","A",1.89159603985925e+294,18,"03"
"logR","A",7.38739665131042e+260,18,"03"
"logW","A",Inf,18,"03"
"logN","A",Inf,18,"03"
"logE","GROUP",Inf,19,"03"
"logM","GROUP",Inf,19,"03"
"logN","GROUP",Inf,19,"03"
"logR","GROUP",Inf,19,"03"
"logW","GROUP",Inf,19,"03"
"logM","C",0,19,"03"
"logE","C",2.02551569026695e+272,19,"03"
"logR","C",4.31693712592644e+283,19,"03"
"logW","C",Inf,19,"03"
"logN","C",Inf,19,"03"
"logM","B",0,19,"03"
"logE","B",1.24722994879327e+288,19,"03"
"logR","B",2.80764368170431e+163,19,"03"
"logW","B",Inf,19,"03"
"logN","B",Inf,19,"03"
"logM","A",0,19,"03"
"logE","A",7.46342000720307e+296,19,"03"
"logR","A",4.51923354106081e+299,19,"03"
"logW","A",Inf,19,"03"
"logN","A",Inf,19,"03"
"logE","GROUP",Inf,20,"03"
"logM","GROUP",Inf,20,"03"
"logN","GROUP",Inf,20,"03"
"logR","GROUP",Inf,20,"03"
"logW","GROUP",Inf,20,"03"
"logM","C",0,20,"03"
"logE","C",1.21226478756004e+281,20,"03"
"logR","C",4.5306756966871e+288,20,"03"
"logW","C",Inf,20,"03"
"logN","C",Inf,20,"03"
"logM","B",0,20,"03"
"logE","B",Inf,20,"03"
"logR","B",Inf,20,"03"
"logW","B",Inf,20,"03"
"logN","B",Inf,20,"03"
"logM","A",0,20,"03"
"logE","A",2.34334008943339e+303,20,"03"
"logR","A",3.88677613438868e+282,20,"03"
"logW","A",Inf,20,"03"
"logN","A",Inf,20,"03"
"logE","GROUP",Inf,0,"04"
"logM","GROUP",Inf,0,"04"
"logN","GROUP",2064650.6389081,0,"04"
"logR","GROUP",197930.521019403,0,"04"
"logW","GROUP",145832434.754342,0,"04"
"logM","C",21046278.102311,0,"04"
"logE","C",160261925.669809,0,"04"
"logR","C",225880.179374996,0,"04"
"logW","C",318894774.484663,0,"04"
"logN","C",2065512.25959626,0,"04"
"logM","B",3539746.08791777,0,"04"
"logE","B",69984646.816006,0,"04"
"logR","B",168617.166887366,0,"04"
"logW","B",105377795.684415,0,"04"
"logN","B",2063309.2468602,0,"04"
"logM","A",22217759.634812,0,"04"
"logE","A",162497922.137129,0,"04"
"logR","A",194254.102083854,0,"04"
"logW","A",325885990.970503,0,"04"
"logN","A",2065536.87967304,0,"04"
"logE","GROUP",Inf,1,"04"
"logM","GROUP",Inf,1,"04"
"logN","GROUP",1066863.63239603,1,"04"
"logR","GROUP",721277.936457572,1,"04"
"logW","GROUP",112790962.887496,1,"04"
"logM","C",11244741.5359454,1,"04"
"logE","C",174410969.73203,1,"04"
"logR","C",740715.493087351,1,"04"
"logW","C",246642301.508639,1,"04"
"logN","C",1065807.89655252,1,"04"
"logM","B",3078428.85239845,1,"04"
"logE","B",79968172.0225066,1,"04"
"logR","B",709477.493260425,1,"04"
"logW","B",81502194.5546952,1,"04"
"logN","B",1065910.94964185,1,"04"
"logM","A",11674304.9937917,1,"04"
"logE","A",176065059.088179,1,"04"
"logR","A",766455.970668318,1,"04"
"logW","A",252049517.741401,1,"04"
"logN","A",1066864.21319944,1,"04"
"logE","GROUP",Inf,2,"04"
"logM","GROUP",Inf,2,"04"
"logN","GROUP",1049062.35008921,2,"04"
"logR","GROUP",371616.19669514,2,"04"
"logW","GROUP",36523000.3686522,2,"04"
"logM","C",11552114.3213748,2,"04"
"logE","C",248248921.528354,2,"04"
"logR","C",437086.608887773,2,"04"
"logW","C",79865581.039515,2,"04"
"logN","C",1049362.71627437,2,"04"
"logM","B",4573404.5606801,2,"04"
"logE","B",113463757.724866,2,"04"
"logR","B",346635.170346017,2,"04"
"logW","B",26391334.988304,2,"04"
"logN","B",1048324.66069469,2,"04"
"logM","A",11802032.2140056,2,"04"
"logE","A",249948153.521061,2,"04"
"logR","A",330688.634746339,2,"04"
"logW","A",81616524.3214343,2,"04"
"logN","A",1049355.65158335,2,"04"
"logE","GROUP",Inf,3,"04"
"logM","GROUP",Inf,3,"04"
"logN","GROUP",1638070.06175855,3,"04"
"logR","GROUP",374635.12795668,3,"04"
"logW","GROUP",281052738.124439,3,"04"
"logM","C",37053017.8596193,3,"04"
"logE","C",481000171.69889,3,"04"
"logR","C",426056.662393478,3,"04"
"logW","C",614583620.780748,3,"04"
"logN","C",1636161.58858876,3,"04"
"logM","B",15318900.3983659,3,"04"
"logE","B",203835799.178921,3,"04"
"logR","B",350086.645535704,3,"04"
"logW","B",203087263.261146,3,"04"
"logN","B",1634044.04232668,3,"04"
"logM","A",37752428.0144406,3,"04"
"logE","A",487472978.567767,3,"04"
"logR","A",353358.153548048,3,"04"
"logW","A",628057774.340726,3,"04"
"logN","A",1636156.6463561,3,"04"
"logE","GROUP",Inf,4,"04"
"logM","GROUP",Inf,4,"04"
"logN","GROUP",1870029.70249586,4,"04"
"logR","GROUP",352507.252976536,4,"04"
"logW","GROUP",435756159.565034,4,"04"
"logM","C",48601188.9572676,4,"04"
"logE","C",1030528142.34263,4,"04"
"logR","C",341234.004584382,4,"04"
"logW","C",952876513.095886,4,"04"
"logN","C",1868509.13744647,4,"04"
"logM","B",25206028.4326836,4,"04"
"logE","B",412778432.654123,4,"04"
"logR","B",329351.718752643,4,"04"
"logW","B",314875093.504763,4,"04"
"logN","B",1866660.26153785,4,"04"
"logM","A",49207037.1069716,4,"04"
"logE","A",1056021922.96727,4,"04"
"logR","A",388633.612051212,4,"04"
"logW","A",973767938.138688,4,"04"
"logN","A",1868540.50957236,4,"04"
"logE","GROUP",Inf,5,"04"
"logM","GROUP",Inf,5,"04"
"logN","GROUP",8495887.75782224,5,"04"
"logR","GROUP",359674.582709391,5,"04"
"logW","GROUP",5541774317.54055,5,"04"
"logM","C",98015454.193716,5,"04"
"logE","C",2937998838.26834,5,"04"
"logR","C",368696.560707061,5,"04"
"logW","C",12118303056.7538,5,"04"
"logN","C",8498444.09080464,5,"04"
"logM","B",56716120.1651166,5,"04"
"logE","B",1041827252.57515,5,"04"
"logR","B",287016.980577192,5,"04"
"logW","B",4004456173.28452,5,"04"
"logN","B",8477219.62131294,5,"04"
"logM","A",99909902.3325749,5,"04"
"logE","A",3014737866.24264,5,"04"
"logR","A",445297.756885662,5,"04"
"logW","A",12384001539.1239,5,"04"
"logN","A",8498624.82449927,5,"04"
"logE","GROUP",Inf,6,"04"
"logM","GROUP",Inf,6,"04"
"logN","GROUP",27652524.2961895,6,"04"
"logR","GROUP",258398.982313132,6,"04"
"logW","GROUP",12434326458.4343,6,"04"
"logM","C",8331440.58648653,6,"04"
"logE","C",5145977456.26663,6,"04"
"logR","C",269996.869068059,6,"04"
"logW","C",27190370247.1934,6,"04"
"logN","C",27659925.791009,6,"04"
"logM","B",6102668.29884378,6,"04"
"logE","B",1723007446.50297,6,"04"
"logR","B",204664.082477791,6,"04"
"logW","B",8984975047.98654,6,"04"
"logN","B",27644511.0344999,6,"04"
"logM","A",8657279.91789486,6,"04"
"logE","A",5274165513.11504,6,"04"
"logR","A",306480.977260869,6,"04"
"logW","A",27786549601.5489,6,"04"
"logN","A",27660222.1417085,6,"04"
"logE","GROUP",Inf,7,"04"
"logM","GROUP",Inf,7,"04"
"logN","GROUP",37935879.7227877,7,"04"
"logR","GROUP",309265.731910291,7,"04"
"logW","GROUP",6239413682.89097,7,"04"
"logM","C",225224.589563078,7,"04"
"logE","C",4572026651.75026,7,"04"
"logR","C",366703.845925397,7,"04"
"logW","C",13643836758.0967,7,"04"
"logN","C",37942650.9188009,7,"04"
"logM","B",169700.540662733,7,"04"
"logE","B",1551669392.52623,7,"04"
"logR","B",251705.746356189,7,"04"
"logW","B",4508564300.39328,7,"04"
"logN","B",37917724.996096,7,"04"
"logM","A",238191.918000715,7,"04"
"logE","A",4660083382.14223,7,"04"
"logR","A",316294.253970249,7,"04"
"logW","A",13943006019.79,7,"04"
"logN","A",37943051.0842879,7,"04"
"logE","GROUP",Inf,8,"04"
"logM","GROUP",Inf,8,"04"
"logN","GROUP",75728012.0597108,8,"04"
"logR","GROUP",529718.081736482,8,"04"
"logW","GROUP",6934153455.58563,8,"04"
"logM","C",60397.0039159273,8,"04"
"logE","C",3860222483.52898,8,"04"
"logR","C",615915.980959344,8,"04"
"logW","C",15163031485.9052,8,"04"
"logN","C",75725022.4899537,8,"04"
"logM","B",46983.1612735197,8,"04"
"logE","B",1338478363.28547,8,"04"
"logR","B",425093.840989304,8,"04"
"logW","B",5010577749.9141,8,"04"
"logN","B",75911577.8759311,8,"04"
"logM","A",63459.9055381217,8,"04"
"logE","A",3934004481.42122,8,"04"
"logR","A",570637.147605464,8,"04"
"logW","A",15495528069.5017,8,"04"
"logN","A",75729846.5851239,8,"04"
"logE","GROUP",Inf,9,"04"
"logM","GROUP",Inf,9,"04"
"logN","GROUP",23170798.2442554,9,"04"
"logR","GROUP",783882.656421936,9,"04"
"logW","GROUP",1040292883.66316,9,"04"
"logM","C",6210.99231471014,9,"04"
"logE","C",2419172678.63024,9,"04"
"logR","C",1046043.84829867,9,"04"
"logW","C",2274825498.19633,9,"04"
"logN","C",23181992.5937803,9,"04"
"logM","B",5448.61871537079,9,"04"
"logE","B",877255044.69051,9,"04"
"logR","B",551258.101177871,9,"04"
"logW","B",751709136.218756,9,"04"
"logN","B",23149017.072296,9,"04"
"logM","A",6465.42051289171,9,"04"
"logE","A",2434072187.88816,9,"04"
"logR","A",815553.882032449,9,"04"
"logW","A",2324710352.68735,9,"04"
"logN","A",23182228.3420496,9,"04"
"logE","GROUP",Inf,10,"04"
"logM","GROUP",Inf,10,"04"
"logN","GROUP",6290066.7586407,10,"04"
"logR","GROUP",2249760.03047948,10,"04"
"logW","GROUP",1185723343.03619,10,"04"
"logM","C",12710.9779862135,10,"04"
"logE","C",2370552321.08693,10,"04"
"logR","C",2671892.34298679,10,"04"
"logW","C",2592839799.54167,10,"04"
"logN","C",6290204.12389034,10,"04"
"logM","B",11602.3213636161,10,"04"
"logE","B",871733729.728966,10,"04"
"logR","B",1714984.45364975,10,"04"
"logW","B",856795969.598444,10,"04"
"logN","B",6280917.61166372,10,"04"
"logM","A",13035.9005566555,10,"04"
"logE","A",2380185450.77468,10,"04"
"logR","A",2558892.30179504,10,"04"
"logW","A",2649701071.57231,10,"04"
"logN","A",6290187.09373032,10,"04"
"logE","GROUP",Inf,11,"04"
"logM","GROUP",Inf,11,"04"
"logN","GROUP",9600527.97657047,11,"04"
"logR","GROUP",2884492.30765488,11,"04"
"logW","GROUP",3136324991.83441,11,"04"
"logM","C",22473.6671466719,11,"04"
"logE","C",3450298067.89577,11,"04"
"logR","C",2585786.34185677,11,"04"
"logW","C",6858248686.79526,11,"04"
"logN","C",9603741.02486883,11,"04"
"logM","B",22218.0607092393,11,"04"
"logE","B",1246957122.71298,11,"04"
"logR","B",2686211.07605444,11,"04"
"logW","B",2266287263.5499,11,"04"
"logN","B",9592379.6502196,11,"04"
"logM","A",22567.5909342481,11,"04"
"logE","A",3477630582.10514,11,"04"
"logR","A",3512650.04062537,11,"04"
"logW","A",7008658017.76674,11,"04"
"logN","A",9604060.51424717,11,"04"
"logE","GROUP",Inf,12,"04"
"logM","GROUP",Inf,12,"04"
"logN","GROUP",23949654.3244868,12,"04"
"logR","GROUP",2361382.05317772,12,"04"
"logW","GROUP",16743259573.0817,12,"04"
"logM","C",16179.4483194667,12,"04"
"logE","C",6286030418.30645,12,"04"
"logR","C",2459262.21126314,12,"04"
"logW","C",36612724229.9612,12,"04"
"logN","C",23957794.5043153,12,"04"
"logM","B",18469.8878105775,12,"04"
"logE","B",2126413864.58128,12,"04"
"logR","B",2029145.41452782,12,"04"
"logW","B",12098562468.7451,12,"04"
"logN","B",23947704.9912204,12,"04"
"logM","A",15739.892615993,12,"04"
"logE","A",6196510396.89969,12,"04"
"logR","A",2645960.13046808,12,"04"
"logW","A",37415719767.655,12,"04"
"logN","A",23958559.3510355,12,"04"
"logE","GROUP",Inf,13,"04"
"logM","GROUP",Inf,13,"04"
"logN","GROUP",7170615.55175969,13,"04"
"logR","GROUP",1803689.7523945,13,"04"
"logW","GROUP",6448689276.30754,13,"04"
"logM","C",250.581628487784,13,"04"
"logE","C",5768336414.28632,13,"04"
"logR","C",1980259.648039,13,"04"
"logW","C",14101436247.4101,13,"04"
"logN","C",7169642.33629846,13,"04"
"logM","B",318.242062703844,13,"04"
"logE","B",1992702811.71917,13,"04"
"logR","B",1809395.75561182,13,"04"
"logW","B",4659776428.21932,13,"04"
"logN","B",7167860.42324395,13,"04"
"logM","A",195.539995250362,13,"04"
"logE","A",5578246778.99888,13,"04"
"logR","A",1609316.10938339,13,"04"
"logW","A",14410724966.1221,13,"04"
"logN","A",7169566.86950639,13,"04"
"logE","GROUP",Inf,14,"04"
"logM","GROUP",Inf,14,"04"
"logN","GROUP",18504841.051749,14,"04"
"logR","GROUP",2229241.75000989,14,"04"
"logW","GROUP",14063797251.3244,14,"04"
"logM","C",113.133819843408,14,"04"
"logE","C",6453272771.593,14,"04"
"logR","C",2600453.84323147,14,"04"
"logW","C",30753487047.7251,14,"04"
"logN","C",18506310.1682108,14,"04"
"logM","B",156.39970811379,14,"04"
"logE","B",2210971975.66767,14,"04"
"logR","B",2425248.08032102,14,"04"
"logW","B",10162396147.163,14,"04"
"logN","B",18506336.6263909,14,"04"
"logM","A",76.2727838607814,14,"04"
"logE","A",6156352218.11996,14,"04"
"logR","A",1767406.13367298,14,"04"
"logW","A",31428033706.5876,14,"04"
"logN","A",18507148.5059581,14,"04"
"logE","GROUP",Inf,15,"04"
"logM","GROUP",Inf,15,"04"
"logN","GROUP",18143695.6049045,15,"04"
"logR","GROUP",2322211.01348112,15,"04"
"logW","GROUP",2130742571.2391,15,"04"
"logM","C",4.97481978161789,15,"04"
"logE","C",4969519368.79774,15,"04"
"logR","C",2095042.57379244,15,"04"
"logW","C",4659321193.70969,15,"04"
"logN","C",18145768.709065,15,"04"
"logM","B",7.92471868893085,15,"04"
"logE","B",1759035100.04038,15,"04"
"logR","B",2530203.81976767,15,"04"
"logW","B",1539658515.17624,15,"04"
"logN","B",18130623.7826843,15,"04"
"logM","A",2.38242404748675,15,"04"
"logE","A",4563943712.89644,15,"04"
"logR","A",2372656.87197586,15,"04"
"logW","A",4761522096.21796,15,"04"
"logN","A",18146287.9739597,15,"04"
"logE","GROUP",Inf,16,"04"
"logM","GROUP",Inf,16,"04"
"logN","GROUP",93893559.3299872,16,"04"
"logR","GROUP",2150834.01937662,16,"04"
"logW","GROUP",14292715394.732,16,"04"
"logM","C",9.91867716106661,16,"04"
"logE","C",6441024773.14563,16,"04"
"logR","C",2131594.22175074,16,"04"
"logW","C",31254052975.4098,16,"04"
"logN","C",93936970.5248436,16,"04"
"logM","B",16.2152113482563,16,"04"
"logE","B",2167173946.95695,16,"04"
"logR","B",2028188.84552749,16,"04"
"logW","B",10327806417.0495,16,"04"
"logN","B",93815471.0630639,16,"04"
"logM","A",4.19728750524923,16,"04"
"logE","A",5663720576.60847,16,"04"
"logR","A",2308391.24978492,16,"04"
"logW","A",31939618886.7586,16,"04"
"logN","A",93971727.7695764,16,"04"
"logE","GROUP",Inf,17,"04"
"logM","GROUP",Inf,17,"04"
"logN","GROUP",102494459.527952,17,"04"
"logR","GROUP",1838939.73026806,17,"04"
"logW","GROUP",9875048764.28311,17,"04"
"logM","C",0.387502364345399,17,"04"
"logE","C",6088229503.25725,17,"04"
"logR","C",1899781.94612445,17,"04"
"logW","C",21593885772.1636,17,"04"
"logN","C",102570105.613428,17,"04"
"logM","B",0.652523723572081,17,"04"
"logE","B",2003918132.6746,17,"04"
"logR","B",1826076.38283713,17,"04"
"logW","B",7135633141.98833,17,"04"
"logN","B",102229525.323938,17,"04"
"logM","A",0.0727640442199973,17,"04"
"logE","A",5033120363.13573,17,"04"
"logR","A",1815870.46900251,17,"04"
"logW","A",22067559895.4401,17,"04"
"logN","A",102627542.146479,17,"04"
"logE","GROUP",Inf,18,"04"
"logM","GROUP",Inf,18,"04"
"logN","GROUP",720287682.537685,18,"04"
"logR","GROUP",1100221.3101874,18,"04"
"logW","GROUP",18762807557.2013,18,"04"
"logM","C",0.0542043716156465,18,"04"
"logE","C",6136838916.30538,18,"04"
"logR","C",900812.755269234,18,"04"
"logW","C",41028850323.7369,18,"04"
"logN","C",724748767.568704,18,"04"
"logM","B",0.0815177469479407,18,"04"
"logE","B",2199639475.30726,18,"04"
"logR","B",1243842.65811252,18,"04"
"logW","B",13557856338.4934,18,"04"
"logN","B",700549047.605205,18,"04"
"logM","A",0.0042707727795647,18,"04"
"logE","A",4613760396.25789,18,"04"
"logR","A",1163846.81792353,18,"04"
"logW","A",41928856783.3955,18,"04"
"logN","A",735503104.835008,18,"04"
"logE","GROUP",Inf,19,"04"
"logM","GROUP",Inf,19,"04"
"logN","GROUP",14953387605.0638,19,"04"
"logR","GROUP",1177944.80039588,19,"04"
"logW","GROUP",16307679388.6181,19,"04"
"logM","C",0.000290358002773715,19,"04"
"logE","C",3970687312.283,19,"04"
"logR","C",933623.467018666,19,"04"
"logW","C",35660189658.0762,19,"04"
"logN","C",18039859903.019,19,"04"
"logM","B",0.00055471184617932,19,"04"
"logE","B",1918645381.62727,19,"04"
"logR","B",1200968.99585066,19,"04"
"logW","B",11783799627.4342,19,"04"
"logN","B",12541102553.885,19,"04"
"logM","A",1.93142990734871e-06,19,"04"
"logE","A",2317792863.37344,19,"04"
"logR","A",1477146.38353497,19,"04"
"logW","A",36442434606.2952,19,"04"
"logN","A",14804153235.5146,19,"04"
"logE","GROUP",Inf,20,"04"
"logM","GROUP",Inf,20,"04"
"logN","GROUP",1077125929.02619,20,"04"
"logR","GROUP",872720.391489164,20,"04"
"logW","GROUP",30989605374.9745,20,"04"
"logM","C",1.8433931265348e-09,20,"04"
"logE","C",32281265.9261978,20,"04"
"logR","C",926352.464799535,20,"04"
"logW","C",67765325911.3887,20,"04"
"logN","C",1077125861.44033,20,"04"
"logM","B",7.467528386156e-09,20,"04"
"logE","B",2885831.97503395,20,"04"
"logR","B",749925.649971901,20,"04"
"logW","B",22392843776.9008,20,"04"
"logN","B",1077002111.91288,20,"04"
"logM","A",2.1383171225107e-15,20,"04"
"logE","A",3937415.20122915,20,"04"
"logR","A",946496.636733903,20,"04"
"logW","A",69251824651.8556,20,"04"
"logN","A",1077125982.74093,20,"04"
